CHR	POS	MarkerID	Allele1	Allele2	AC_Allele2_anc1	AF_Allele2_anc1	MissingRate_anc1	BETA_anc1	SE_anc1	Tstat_anc1	var_anc1	p.value_anc1	BETA_c_anc1	SE_c_anc1	Tstat_c_anc1	var_c_anc1	p.value_c_anc1	N_haplo_anc1	Pvalue_haplo_anc1	AC_Allele2_anc2	AF_Allele2_anc2	MissingRate_anc2	BETA_anc2	SE_anc2	Tstat_anc2	var_anc2	p.value_anc2	BETA_c_anc2	SE_c_anc2	Tstat_c_anc2	var_c_anc2	p.value_c_anc2	N_haplo_anc2	Pvalue_haplo_anc2	AC_Allele2_anc3	AF_Allele2_anc3	MissingRate_anc3	BETA_anc3	SE_anc3	Tstat_anc3	var_anc3	p.value_anc3	BETA_c_anc3	SE_c_anc3	Tstat_c_anc3	var_c_anc3	p.value_c_anc3	N_haplo_anc3	Pvalue_haplo_anc3	AC_Allele2_ancALL	AF_Allele2_ancALL	MissingRate_ancALL	BETA_ancALL	SE_ancALL	Tstat_ancALL	var_ancALL	p.value_ancALL	BETA_c_ancALL	SE_c_ancALL	Tstat_c_ancALL	var_c_ancALL	p.value_c_ancALL	N_haplo_ancALL	Pvalue_haplo_ancALL	P_het_admixed	P_hom_admixed	P_cct_admixed	P_het_admixed_c	P_hom_admixed_c	P_cct_admixed_c
chr22	16000000	v1_T_A	T	A	24	0.177778	0	0.407259	0.265753	5.76654	14.1594	1.254058E-01	0.407259	0.265753	5.76654	14.1594	1.254058E-01	135	3.380493E-03	1	0.00740741	0	nan	nan	nan	nan	NA	nan	nan	nan	nan	NA	135	3.013848E-01	8	0.0615385	0	0.126495	0.457509	0.604329	4.77749	7.821746E-01	0.126495	0.457509	0.604329	4.77749	7.821746E-01	130	3.898261E-02	33	0.0825	0	0.370229	0.233171	6.80959	18.3929	1.123318E-01	0.370229	0.233171	6.80959	18.3929	1.123318E-01	400	NA	2.896744E-01	1.123318E-01	1.655493E-01	2.896744E-01	1.123318E-01	1.655493E-01
chr22	16005000	v2_G_C	G	C	1	0.00740741	0	nan	nan	nan	nan	NA	nan	nan	nan	nan	NA	135	3.380493E-03	17	0.125926	0	-0.148435	0.323937	-1.41455	9.52972	6.467917E-01	-0.148435	0.323937	-1.41455	9.52972	6.467917E-01	135	3.013848E-01	5	0.0384615	0	-0.320648	0.566588	-0.998835	3.11505	5.714428E-01	-0.320648	0.566588	-0.998835	3.11505	5.714428E-01	130	3.898261E-02	23	0.0575	0	-0.248791	0.267932	-3.46566	13.93	3.531169E-01	-0.248791	0.267932	-3.46566	13.93	3.531169E-01	400	NA	7.795707E-01	3.531169E-01	6.083318E-01	7.795707E-01	3.531169E-01	6.083318E-01
chr22	16010000	v3_G_C	G	C	1	0.00740741	0	nan	nan	nan	nan	NA	nan	nan	nan	nan	NA	135	3.380493E-03	3	0.0222222	0	nan	nan	nan	nan	NA	nan	nan	nan	nan	NA	135	3.013848E-01	13	0.1	0	-0.223277	0.369105	-1.63887	7.34005	5.452354E-01	-0.223277	0.369105	-1.63887	7.34005	5.452354E-01	130	3.898261E-02	17	0.0425	0	-0.106053	0.327481	-0.988895	9.32457	7.460563E-01	-0.106053	0.327481	-0.988895	9.32457	7.460563E-01	400	NA	7.460563E-01	7.460563E-01	7.460563E-01	7.460563E-01	7.460563E-01	7.460563E-01
chr22	16015000	v4_T_A	T	A	1	0.00740741	0	nan	nan	nan	nan	NA	nan	nan	nan	nan	NA	135	3.380493E-03	58	0.42963	0	0.0170027	0.191526	0.46351	27.261	9.292611E-01	0.0170027	0.191526	0.46351	27.261	9.292611E-01	135	3.013848E-01	6	0.0461538	0	-0.48192	0.530225	-1.71417	3.55696	3.634039E-01	-0.48192	0.530225	-1.71417	3.55696	3.634039E-01	130	3.898261E-02	65	0.1625	0	-0.0660536	0.184997	-1.93003	29.2192	7.210535E-01	-0.0660536	0.184997	-1.93003	29.2192	7.210535E-01	400	NA	6.616178E-01	7.210535E-01	6.932494E-01	6.616178E-01	7.210535E-01	6.932494E-01
chr22	16020000	v5_G_T	G	T	37	0.274074	0	-0.124792	0.214245	-2.71873	21.7861	5.602473E-01	-0.124792	0.214245	-2.71873	21.7861	5.602473E-01	135	3.380493E-03	2	0.0148148	0	nan	nan	nan	nan	NA	nan	nan	nan	nan	NA	135	3.013848E-01	2	0.0153846	0	nan	nan	nan	nan	NA	nan	nan	nan	nan	NA	130	3.898261E-02	41	0.1025	0	-0.0637069	0.205398	-1.51006	23.7032	7.564372E-01	-0.0637069	0.205398	-1.51006	23.7032	7.564372E-01	400	NA	7.564372E-01	7.564372E-01	7.564372E-01	7.564372E-01	7.564372E-01	7.564372E-01
chr22	16025000	v6_T_A	T	A	1	0.00724638	0	nan	nan	nan	nan	NA	nan	nan	nan	nan	NA	138	3.920392E-03	5	0.037594	0	-0.624679	0.584577	-1.82799	2.92629	2.852502E-01	-0.624679	0.584577	-1.82799	2.92629	2.852502E-01	133	2.536510E-01	33	0.255814	0	-0.352096	0.247956	-5.72679	16.2648	1.556098E-01	-0.352096	0.247956	-5.72679	16.2648	1.556098E-01	129	5.249586E-02	39	0.0975	0	-0.361412	0.225133	-7.13055	19.7297	1.084225E-01	-0.361412	0.225133	-7.13055	19.7297	1.084225E-01	400	NA	2.121188E-01	1.084225E-01	1.446767E-01	2.121188E-01	1.084225E-01	1.446767E-01
chr22	16045000	v10_C_T	C	T	7	0.0503597	0	-0.151845	0.486542	-0.641446	4.22435	7.549721E-01	-0.151845	0.486542	-0.641446	4.22435	7.549721E-01	139	5.234515E-03	47	0.361538	0	-0.165763	0.204175	-3.97633	23.9881	4.168677E-01	-0.165763	0.204175	-3.97633	23.9881	4.168677E-01	130	5.474702E-01	17	0.129771	0	-0.66723	0.324996	-6.31715	9.46772	4.006828E-02	-0.66723	0.324996	-6.31715	9.46772	4.006828E-02	131	2.121160E-02	71	0.1775	0	-0.301826	0.166138	-10.9349	36.2293	6.926134E-02	-0.301826	0.166138	-10.9349	36.2293	6.926134E-02	400	NA	1.705293E-01	6.926134E-02	9.921329E-02	1.705293E-01	6.926134E-02	9.921329E-02
chr22	16050000	v11_C_T	C	T	14	0.0992908	0	0.217652	0.348852	1.78846	8.21706	5.326869E-01	0.217652	0.348852	1.78846	8.21706	5.326869E-01	141	4.858650E-03	3	0.0232558	0	nan	nan	nan	nan	NA	nan	nan	nan	nan	NA	129	5.754026E-01	15	0.115385	0	-0.218954	0.340919	-1.88387	8.60395	5.207139E-01	-0.218954	0.340919	-1.88387	8.60395	5.207139E-01	130	1.610225E-02	32	0.08	0	0.0149968	0.235938	0.269404	17.9641	9.493184E-01	0.0149968	0.235938	0.269404	17.9641	9.493184E-01	400	NA	6.724064E-01	9.493184E-01	9.093139E-01	6.724064E-01	9.493184E-01	9.093139E-01
chr22	16055000	v12_T_A	T	A	31	0.215278	0	0.161037	0.244241	2.69952	16.7634	5.096807E-01	0.161037	0.244241	2.69952	16.7634	5.096807E-01	144	1.487315E-02	2	0.015625	0	nan	nan	nan	nan	NA	nan	nan	nan	nan	NA	128	5.476719E-01	25	0.195312	0	-0.225761	0.243113	-3.81973	16.9194	3.530831E-01	-0.225761	0.243113	-3.81973	16.9194	3.530831E-01	128	4.984770E-02	58	0.145	0	0.00873483	0.176949	0.27897	31.9376	9.606296E-01	0.00873483	0.176949	0.27897	31.9376	9.606296E-01	400	NA	5.551871E-01	9.606296E-01	9.240185E-01	5.551871E-01	9.606296E-01	9.240185E-01
chr22	16060000	v13_T_G	T	G	31	0.213793	0	0.339148	0.230623	6.37653	18.8017	1.414065E-01	0.339148	0.230623	6.37653	18.8017	1.414065E-01	145	1.523147E-02	1	0.008	0	nan	nan	nan	nan	NA	nan	nan	nan	nan	NA	125	6.588096E-01	7	0.0538462	0	-0.175467	0.484683	-0.746931	4.25682	7.173337E-01	-0.175467	0.484683	-0.746931	4.25682	7.173337E-01	130	3.533641E-02	39	0.0975	0	0.215352	0.206394	5.05538	23.4749	2.967628E-01	0.215352	0.206394	5.05538	23.4749	2.967628E-01	400	NA	3.172359E-01	2.967628E-01	3.067709E-01	3.172359E-01	2.967628E-01	3.067709E-01
chr22	16065000	v14_A_G	A	G	0	0	0	nan	nan	nan	nan	NA	nan	nan	nan	nan	NA	146	9.682749E-03	3	0.024	0	nan	nan	nan	nan	NA	nan	nan	nan	nan	NA	125	6.699288E-01	6	0.0465116	0	-0.176792	0.518117	-0.658579	3.72516	7.329373E-01	-0.176792	0.518117	-0.658579	3.72516	7.329373E-01	129	2.278092E-02	9	0.0225	0	0.0128457	0.384777	0.0867636	6.75431	9.733678E-01	0.0128457	0.384777	0.0867636	6.75431	9.733678E-01	400	NA	9.733678E-01	9.733678E-01	9.733678E-01	9.733678E-01	9.733678E-01	9.733678E-01
chr22	16070000	v15_C_G	C	G	17	0.118881	0	0.538279	0.308722	5.64771	10.4922	8.123370E-02	0.538279	0.308722	5.64771	10.4922	8.123370E-02	143	1.085365E-02	9	0.072	0	0.681531	0.428192	3.71714	5.4541	1.114635E-01	0.681531	0.428192	3.71714	5.4541	1.114635E-01	125	5.741470E-01	1	0.00757576	0	nan	nan	nan	nan	NA	nan	nan	nan	nan	NA	132	4.427147E-02	27	0.0675	0	0.51643	0.234645	9.3797	18.1626	2.774314E-02	0.51643	0.234645	9.3797	18.1626	2.774314E-02	400	NA	8.191829E-02	2.774314E-02	4.152500E-02	8.191829E-02	2.774314E-02	4.152500E-02
chr22	16075000	v16_T_A	T	A	2	0.0141844	0	nan	nan	nan	nan	NA	nan	nan	nan	nan	NA	141	1.020191E-02	20	0.15748	0	0.257559	0.299352	2.87417	11.1592	3.895753E-01	0.257559	0.299352	2.87417	11.1592	3.895753E-01	127	6.316195E-01	6	0.0454545	0	-0.655336	0.51742	-2.44781	3.7352	2.053176E-01	-0.655336	0.51742	-2.44781	3.7352	2.053176E-01	132	3.561962E-02	28	0.07	0	-0.0104624	0.246156	-0.172667	16.5036	9.660977E-01	-0.0104624	0.246156	-0.172667	16.5036	9.660977E-01	400	NA	2.917989E-01	9.660977E-01	9.271596E-01	2.917989E-01	9.660977E-01	9.271596E-01
chr22	16080000	v17_A_G	A	G	8	0.0567376	0	-0.12484	0.462672	-0.583184	4.67147	7.872964E-01	-0.12484	0.462672	-0.583184	4.67147	7.872964E-01	141	4.466240E-03	1	0.0078125	0	nan	nan	nan	nan	NA	nan	nan	nan	nan	NA	128	6.046975E-01	60	0.458015	0	-0.368626	0.182219	-11.1019	30.117	4.307509E-02	-0.368626	0.182219	-11.1019	30.117	4.307509E-02	131	1.819838E-02	69	0.1725	0	-0.420877	0.174323	-13.8498	32.9071	1.576336E-02	-0.420877	0.174323	-13.8498	32.9071	1.576336E-02	400	NA	1.169614E-01	1.576336E-02	2.788177E-02	1.169614E-01	1.576336E-02	2.788177E-02
chr22	16085000	v18_T_G	T	G	8	0.0571429	0	0.122445	0.453015	0.596646	4.87276	7.869374E-01	0.122445	0.453015	0.596646	4.87276	7.869374E-01	140	5.886823E-03	6	0.0461538	0	-0.424667	0.535438	-1.48126	3.48804	4.277072E-01	-0.424667	0.535438	-1.48126	3.48804	4.277072E-01	130	6.633944E-01	11	0.0846154	0	-0.202701	0.388631	-1.34208	6.62101	6.019657E-01	-0.202701	0.388631	-1.34208	6.62101	6.019657E-01	130	1.689955E-02	25	0.0625	0	-0.16154	0.269346	-2.22669	13.7842	5.486728E-01	-0.16154	0.269346	-2.22669	13.7842	5.486728E-01	400	NA	8.092564E-01	5.486728E-01	7.165351E-01	8.092564E-01	5.486728E-01	7.165351E-01
chr22	16090000	v19_A_G	A	G	0	0	0	nan	nan	nan	nan	NA	nan	nan	nan	nan	NA	140	3.048926E-03	19	0.145038	0	0.0376808	0.289323	0.450147	11.9463	8.963782E-01	0.0376808	0.289323	0.450147	11.9463	8.963782E-01	131	5.816188E-01	0	0	0	nan	nan	nan	nan	NA	nan	nan	nan	nan	NA	129	1.205688E-02	19	0.0475	0	0.0376808	0.289323	0.450147	11.9463	8.963782E-01	0.0376808	0.289323	0.450147	11.9463	8.963782E-01	400	NA	8.963782E-01	8.963782E-01	8.963782E-01	8.963782E-01	8.963782E-01	8.963782E-01
chr22	16095000	v20_C_A	C	A	0	0	0	nan	nan	nan	nan	NA	nan	nan	nan	nan	NA	138	5.548914E-03	1	0.0075188	0	nan	nan	nan	nan	NA	nan	nan	nan	nan	NA	133	6.301184E-01	8	0.0620155	0	0.0513109	0.450967	0.252301	4.91711	9.094125E-01	0.0513109	0.450967	0.252301	4.91711	9.094125E-01	129	1.774471E-02	9	0.0225	0	-0.177199	0.426989	-0.971913	5.48487	6.781444E-01	-0.177199	0.426989	-0.971913	5.48487	6.781444E-01	400	NA	6.781444E-01	6.781444E-01	6.781444E-01	6.781444E-01	6.781444E-01	6.781444E-01
chr22	16105000	v22_C_A	C	A	14	0.0992908	0	-0.203082	0.35145	-1.64416	8.09603	5.633715E-01	-0.203082	0.35145	-1.64416	8.09603	5.633715E-01	141	8.062425E-03	13	0.0977444	0	-0.159217	0.335919	-1.41098	8.86199	6.355190E-01	-0.159217	0.335919	-1.41098	8.86199	6.355190E-01	133	5.183061E-01	2	0.015873	0	nan	nan	nan	nan	NA	nan	nan	nan	nan	NA	126	3.281418E-02	29	0.0725	0	-0.144871	0.242633	-2.46084	16.9864	5.504536E-01	-0.144871	0.242633	-2.46084	16.9864	5.504536E-01	400	NA	7.427132E-01	5.504536E-01	6.618965E-01	7.427132E-01	5.504536E-01	6.618965E-01
chr22	16110000	v23_C_T	C	T	8	0.057554	0	0.345282	0.464233	1.60215	4.64011	4.570157E-01	0.345282	0.464233	1.60215	4.64011	4.570157E-01	139	3.085933E-03	1	0.00735294	0	nan	nan	nan	nan	NA	nan	nan	nan	nan	NA	136	4.177893E-01	20	0.16	0	-0.541271	0.289614	-6.45321	11.9223	6.163115E-02	-0.541271	0.289614	-6.45321	11.9223	6.163115E-02	125	2.111125E-02	29	0.0725	0	-0.263213	0.24985	-4.21648	16.0193	2.921185E-01	-0.263213	0.24985	-4.21648	16.0193	2.921185E-01	400	NA	1.453646E-01	2.921185E-01	1.974088E-01	1.453646E-01	2.921185E-01	1.974088E-01
chr22	16115000	v24_C_T	C	T	58	0.411348	0	0.232101	0.17518	7.5633	32.5862	1.851929E-01	0.232101	0.17518	7.5633	32.5862	1.851929E-01	141	5.286331E-03	1	0.00724638	0	nan	nan	nan	nan	NA	nan	nan	nan	nan	NA	138	5.169237E-01	1	0.00826446	0	nan	nan	nan	nan	NA	nan	nan	nan	nan	NA	121	2.046719E-02	60	0.15	0	0.202612	0.166157	7.3389	36.2214	2.226902E-01	0.202612	0.166157	7.3389	36.2214	2.226902E-01	400	NA	2.226902E-01	2.226902E-01	2.226902E-01	2.226902E-01	2.226902E-01	2.226902E-01
chr22	16120000	v25_G_A	G	A	7	0.0503597	0	1.20412	0.479872	5.22903	4.3426	1.209830E-02	1.20412	0.479872	5.22903	4.3426	1.209830E-02	139	2.204915E-03	31	0.224638	0	0.25731	0.250275	4.10791	15.9648	3.038992E-01	0.25731	0.250275	4.10791	15.9648	3.038992E-01	138	4.535353E-01	20	0.162602	0	-0.253253	0.289148	-3.0291	11.9608	3.811069E-01	-0.253253	0.289148	-3.0291	11.9608	3.811069E-01	123	1.621593E-02	58	0.145	0	0.217858	0.185843	6.30784	28.9539	2.410893E-01	0.217858	0.185843	6.30784	28.9539	2.410893E-01	400	NA	3.878867E-02	2.410893E-01	6.797130E-02	3.878867E-02	2.410893E-01	6.797130E-02
chr22	16125000	v26_C_G	C	G	3	0.0217391	0	nan	nan	nan	nan	NA	nan	nan	nan	nan	NA	138	1.038167E-03	14	0.1	0	0.698854	0.351199	5.66603	8.1076	4.660125E-02	0.698854	0.351199	5.66603	8.1076	4.660125E-02	140	3.690079E-01	12	0.0983607	0	0.197617	0.384333	1.33786	6.76994	6.071245E-01	0.197617	0.384333	1.33786	6.76994	6.071245E-01	122	1.496080E-02	29	0.0725	0	0.483177	0.252199	7.59662	15.7222	5.538301E-02	0.483177	0.252199	7.59662	15.7222	5.538301E-02	400	NA	1.147791E-01	5.538301E-02	7.490729E-02	1.147791E-01	5.538301E-02	7.490729E-02
chr22	16130000	v27_T_G	T	G	65	0.464286	0	0.269697	0.171902	9.12671	33.8406	1.166715E-01	0.269697	0.171902	9.12671	33.8406	1.166715E-01	140	8.363390E-04	26	0.188406	0	-0.521673	0.246955	-8.55389	16.397	3.465007E-02	-0.521673	0.246955	-8.55389	16.397	3.465007E-02	138	4.510484E-01	1	0.00819672	0	nan	nan	nan	nan	NA	nan	nan	nan	nan	NA	122	6.018997E-03	92	0.23	0	-0.011486	0.154777	-0.479462	41.7433	9.408435E-01	-0.011486	0.154777	-0.479462	41.7433	9.408435E-01	400	NA	5.097816E-02	9.408435E-01	3.691467E-01	5.097816E-02	9.408435E-01	3.691467E-01
chr22	16135000	v28_C_T	C	T	36	0.258993	0	0.494224	0.220291	10.1842	20.6065	2.486456E-02	0.494224	0.220291	10.1842	20.6065	2.486456E-02	139	4.079986E-04	1	0.00729927	0	nan	nan	nan	nan	NA	nan	nan	nan	nan	NA	137	2.743414E-01	12	0.0967742	0	-1.10192	0.380289	-7.61944	6.91469	3.760441E-03	-1.10192	0.380289	-7.61944	6.91469	3.760441E-03	124	8.506703E-03	49	0.1225	0	0.100713	0.191695	2.74073	27.2132	5.993169E-01	0.100713	0.191695	2.74073	27.2132	5.993169E-01	400	NA	1.390243E-03	5.993169E-01	2.784355E-03	1.390243E-03	5.993169E-01	2.784355E-03
chr22	16140000	v29_C_T	C	T	1	0.00746269	0	nan	nan	nan	nan	NA	nan	nan	nan	nan	NA	134	1.616384E-04	30	0.217391	0	-0.110335	0.232587	-2.03958	18.4854	6.352282E-01	-0.110335	0.232587	-2.03958	18.4854	6.352282E-01	138	2.882595E-01	4	0.03125	0	nan	nan	nan	nan	NA	nan	nan	nan	nan	NA	128	6.022859E-03	35	0.0875	0	-0.022876	0.21994	-0.472904	20.6725	9.171611E-01	-0.022876	0.21994	-0.472904	20.6725	9.171611E-01	400	NA	9.171611E-01	9.171611E-01	9.171611E-01	9.171611E-01	9.171611E-01	9.171611E-01
chr22	16150000	v31_G_A	G	A	42	0.311111	0	1.52666	0.210843	34.3419	22.4949	4.462701E-13	1.52666	0.210843	34.3419	22.4949	4.462701E-13	135	1.514895E-04	10	0.0724638	0	-0.166122	0.408109	-0.997412	6.0041	6.839693E-01	-0.166122	0.408109	-0.997412	6.0041	6.839693E-01	138	2.882595E-01	6	0.0472441	0	-1.0423	0.521035	-3.83937	3.68354	4.545216E-02	-1.0423	0.521035	-3.83937	3.68354	4.545216E-02	127	8.415165E-03	58	0.145	0	0.902543	0.174898	29.5051	32.6911	2.464359E-07	0.902543	0.174898	29.5051	32.6911	2.464359E-07	400	NA	2.909484E-12	2.464359E-07	5.818972E-12	2.909484E-12	2.464359E-07	5.818972E-12
chr22	16155000	v32_G_T	G	T	1	0.00740741	0	nan	nan	nan	nan	NA	nan	nan	nan	nan	NA	135	2.560872E-04	43	0.311594	0	-0.197596	0.20646	-4.63559	23.4599	3.385338E-01	-0.197596	0.20646	-4.63559	23.4599	3.385338E-01	138	3.424393E-01	18	0.141732	0	-0.0540683	0.3263	-0.507818	9.39216	8.683922E-01	-0.0540683	0.3263	-0.507818	9.39216	8.683922E-01	127	8.415165E-03	62	0.155	0	-0.102083	0.180115	-3.1467	30.8249	5.708719E-01	-0.102083	0.180115	-3.1467	30.8249	5.708719E-01	400	NA	6.150952E-01	5.708719E-01	5.934469E-01	6.150952E-01	5.708719E-01	5.934469E-01
chr22	16160000	v33_G_C	G	C	1	0.00729927	0	nan	nan	nan	nan	NA	nan	nan	nan	nan	NA	137	4.196090E-04	23	0.165468	0	-0.26235	0.281076	-3.32073	12.6576	3.506251E-01	-0.26235	0.281076	-3.32073	12.6576	3.506251E-01	139	4.317667E-01	10	0.0806452	0	-0.191221	0.408712	-1.14472	5.98639	6.398829E-01	-0.191221	0.408712	-1.14472	5.98639	6.398829E-01	124	7.737025E-03	34	0.085	0	-0.183105	0.231371	-3.42044	18.6802	4.287166E-01	-0.183105	0.231371	-3.42044	18.6802	4.287166E-01	400	NA	5.552868E-01	4.287166E-01	4.916770E-01	5.552868E-01	4.287166E-01	4.916770E-01
chr22	16165000	v34_T_A	T	A	3	0.0222222	0	nan	nan	nan	nan	NA	nan	nan	nan	nan	NA	135	8.119992E-05	3	0.0212766	0	nan	nan	nan	nan	NA	nan	nan	nan	nan	NA	141	2.940202E-01	45	0.362903	0	-0.100441	0.201263	-2.4796	24.6871	6.177425E-01	-0.100441	0.201263	-2.4796	24.6871	6.177425E-01	124	5.230033E-03	51	0.1275	0	-0.115696	0.185469	-3.36339	29.0708	5.327557E-01	-0.115696	0.185469	-3.36339	29.0708	5.327557E-01	400	NA	5.327557E-01	5.327557E-01	5.327557E-01	5.327557E-01	5.327557E-01	5.327557E-01
chr22	16170000	v35_T_A	T	A	15	0.111111	0	0.566961	0.315113	5.7098	10.0709	7.198214E-02	0.566961	0.315113	5.7098	10.0709	7.198214E-02	135	2.605465E-04	6	0.0434783	0	0.498125	0.521713	1.8301	3.67398	3.396857E-01	0.498125	0.521713	1.8301	3.67398	3.396857E-01	138	3.655244E-01	0	0	0	nan	nan	nan	nan	NA	nan	nan	nan	nan	NA	127	8.656936E-03	21	0.0525	0	0.574886	0.276127	7.5399	13.1155	3.734552E-02	0.574886	0.276127	7.5399	13.1155	3.734552E-02	400	NA	1.142794E-01	3.734552E-02	5.650070E-02	1.142794E-01	3.734552E-02	5.650070E-02
chr22	16175000	v36_T_C	T	C	46	0.340741	0	0.5911	0.221871	12.0077	20.3141	7.718145E-03	0.5911	0.221871	12.0077	20.3141	7.718145E-03	135	1.687264E-03	15	0.110294	0	-0.239792	0.34459	-2.01943	8.4216	4.865070E-01	-0.239792	0.34459	-2.01943	8.4216	4.865070E-01	136	6.595389E-01	14	0.108527	0	0.0523803	0.35799	0.408719	7.80292	8.836707E-01	0.0523803	0.35799	0.408719	7.80292	8.836707E-01	129	8.060890E-03	75	0.1875	0	0.340781	0.181044	10.397	30.5092	5.979414E-02	0.340781	0.181044	10.397	30.5092	5.979414E-02	400	NA	6.043592E-02	5.979414E-02	6.011334E-02	6.043592E-02	5.979414E-02	6.011334E-02
chr22	16180000	v37_G_T	G	T	3	0.0220588	0	nan	nan	nan	nan	NA	nan	nan	nan	nan	NA	136	1.361139E-03	50	0.364964	0	-0.106169	0.196316	-2.75479	25.9471	5.886389E-01	-0.106169	0.196316	-2.75479	25.9471	5.886389E-01	137	6.670802E-01	11	0.0866142	0	-0.506731	0.310574	-5.25346	10.3674	1.027655E-01	-0.506731	0.310574	-5.25346	10.3674	1.027655E-01	127	5.918825E-03	64	0.16	0	-0.132113	0.164695	-4.87062	36.8671	4.224569E-01	-0.132113	0.164695	-4.87062	36.8671	4.224569E-01	400	NA	2.204278E-01	4.224569E-01	2.999011E-01	2.204278E-01	4.224569E-01	2.999011E-01
chr22	16185000	v38_G_C	G	C	3	0.0222222	0	nan	nan	nan	nan	NA	nan	nan	nan	nan	NA	135	1.675017E-03	37	0.266187	0	-0.164066	0.209537	-3.73676	22.776	4.336331E-01	-0.164066	0.209537	-3.73676	22.776	4.336331E-01	139	6.325283E-01	9	0.0714286	0	-0.0455279	0.427545	-0.249066	5.47063	9.151960E-01	-0.0455279	0.427545	-0.249066	5.47063	9.151960E-01	126	8.360749E-03	49	0.1225	0	-0.0877189	0.191152	-2.40068	27.3679	6.463095E-01	-0.0877189	0.191152	-2.40068	27.3679	6.463095E-01	400	NA	7.244725E-01	6.463095E-01	6.885833E-01	7.244725E-01	6.463095E-01	6.885833E-01
chr22	16190000	v39_C_G	C	G	1	0.0075188	0	nan	nan	nan	nan	NA	nan	nan	nan	nan	NA	133	1.779686E-03	4	0.028777	0	nan	nan	nan	nan	NA	nan	nan	nan	nan	NA	139	6.814754E-01	5	0.0390625	0	-0.349182	0.569293	-1.07741	3.08552	5.396379E-01	-0.349182	0.569293	-1.07741	3.08552	5.396379E-01	128	7.194377E-03	10	0.025	0	-0.419002	0.369668	-3.06615	7.31774	2.570232E-01	-0.419002	0.369668	-3.06615	7.31774	2.570232E-01	400	NA	2.570232E-01	2.570232E-01	2.570232E-01	2.570232E-01	2.570232E-01	2.570232E-01
chr22	16195000	v40_T_G	T	G	9	0.0692308	0	0.366306	0.433825	1.94632	5.31337	3.984668E-01	0.366306	0.433825	1.94632	5.31337	3.984668E-01	130	2.847803E-03	16	0.114286	0	0.253738	0.302381	2.77509	10.9369	4.013946E-01	0.253738	0.302381	2.77509	10.9369	4.013946E-01	140	6.176553E-01	31	0.238462	0	-0.204456	0.231521	-3.81432	18.656	3.771844E-01	-0.204456	0.231521	-3.81432	18.656	3.771844E-01	130	1.916572E-02	56	0.14	0	0.0292959	0.179713	0.90709	30.963	8.705062E-01	0.0292959	0.179713	0.90709	30.963	8.705062E-01	400	NA	5.456223E-01	8.705062E-01	7.830497E-01	5.456223E-01	8.705062E-01	7.830497E-01
chr22	16200000	v41_C_T	C	T	46	0.359375	0	0.557154	0.197022	14.3531	25.7615	4.685778E-03	0.557154	0.197022	14.3531	25.7615	4.685778E-03	128	6.655521E-03	6	0.0422535	0	-0.683694	0.526377	-2.46756	3.60916	1.939891E-01	-0.683694	0.526377	-2.46756	3.60916	1.939891E-01	142	7.566475E-01	10	0.0769231	0	0.294774	0.406473	1.78413	6.05252	4.683292E-01	0.294774	0.406473	1.78413	6.05252	4.683292E-01	130	2.469211E-02	62	0.155	0	0.437908	0.178983	13.6697	31.2158	1.441938E-02	0.437908	0.178983	13.6697	31.2158	1.441938E-02	400	NA	1.837491E-02	1.441938E-02	1.615880E-02	1.837491E-02	1.441938E-02	1.615880E-02
chr22	16205000	v42_A_G	A	G	2	0.015748	0	nan	nan	nan	nan	NA	nan	nan	nan	nan	NA	127	7.170196E-03	1	0.00694444	0	nan	nan	nan	nan	NA	nan	nan	nan	nan	NA	144	8.337721E-01	26	0.20155	0	-0.741845	0.261828	-10.8214	14.5871	4.606510E-03	-0.741845	0.261828	-10.8214	14.5871	4.606510E-03	129	2.202902E-02	29	0.0725	0	-0.706463	0.24939	-11.3588	16.0784	4.614756E-03	-0.706463	0.24939	-11.3588	16.0784	4.614756E-03	400	NA	4.614756E-03	4.614756E-03	4.614756E-03	4.614756E-03	4.614756E-03	4.614756E-03
chr22	16210000	v43_T_C	T	C	2	0.015748	0	nan	nan	nan	nan	NA	nan	nan	nan	nan	NA	127	8.798026E-03	24	0.167832	0	-0.128271	0.273625	-1.71323	13.3564	6.392240E-01	-0.128271	0.273625	-1.71323	13.3564	6.392240E-01	143	7.078224E-01	23	0.176923	0	-0.0311919	0.26221	-0.453674	14.5446	9.053087E-01	-0.0311919	0.26221	-0.453674	14.5446	9.053087E-01	130	4.021913E-02	49	0.1225	0	-0.0785816	0.195454	-2.05698	26.1763	6.876506E-01	-0.0785816	0.195454	-2.05698	26.1763	6.876506E-01	400	NA	8.845828E-01	6.876506E-01	8.267708E-01	8.845828E-01	6.876506E-01	8.267708E-01
chr22	16215000	v44_A_G	A	G	3	0.0238095	0	nan	nan	nan	nan	NA	nan	nan	nan	nan	NA	126	5.855171E-03	4	0.0277778	0	nan	nan	nan	nan	NA	nan	nan	nan	nan	NA	144	6.892035E-01	20	0.153846	0	-0.217116	0.267507	-3.03404	13.9743	4.170053E-01	-0.217116	0.267507	-3.03404	13.9743	4.170053E-01	130	3.189236E-02	27	0.0675	0	-0.117798	0.238719	-2.06713	17.548	6.216866E-01	-0.117798	0.238719	-2.06713	17.548	6.216866E-01	400	NA	6.216866E-01	6.216866E-01	6.216866E-01	6.216866E-01	6.216866E-01	6.216866E-01
chr22	16220000	v45_T_A	T	A	5	0.0406504	0	0.226652	0.57607	0.682983	3.01335	6.939901E-01	0.226652	0.57607	0.682983	3.01335	6.939901E-01	123	7.162912E-03	45	0.308219	0	-0.019551	0.1866	-0.561494	28.7195	9.165545E-01	-0.019551	0.1866	-0.561494	28.7195	9.165545E-01	146	5.407937E-01	2	0.0152672	0	nan	nan	nan	nan	NA	nan	nan	nan	nan	NA	131	6.568824E-02	52	0.13	0	-0.00563073	0.179285	-0.175177	31.1108	9.749453E-01	-0.00563073	0.179285	-0.175177	31.1108	9.749453E-01	400	NA	9.227459E-01	9.749453E-01	9.620989E-01	9.227459E-01	9.749453E-01	9.620989E-01
chr22	16225000	v46_G_A	G	A	0	0	0	nan	nan	nan	nan	NA	nan	nan	nan	nan	NA	123	7.162912E-03	23	0.158621	0	-0.03767	0.271083	-0.512616	13.6081	8.894807E-01	-0.03767	0.271083	-0.512616	13.6081	8.894807E-01	145	5.845875E-01	4	0.030303	0	nan	nan	nan	nan	NA	nan	nan	nan	nan	NA	132	5.226286E-02	27	0.0675	0	-0.087597	0.252244	-1.37672	15.7165	7.283882E-01	-0.087597	0.252244	-1.37672	15.7165	7.283882E-01	400	NA	7.283882E-01	7.283882E-01	7.283882E-01	7.283882E-01	7.283882E-01	7.283882E-01
chr22	16230000	v47_A_G	A	G	8	0.0645161	0	0.948399	0.459245	4.49679	4.74145	3.891089E-02	0.948399	0.459245	4.49679	4.74145	3.891089E-02	124	1.106395E-02	2	0.0138889	0	nan	nan	nan	nan	NA	nan	nan	nan	nan	NA	144	6.801031E-01	2	0.0151515	0	nan	nan	nan	nan	NA	nan	nan	nan	nan	NA	132	5.226286E-02	12	0.03	0	0.33984	0.383748	2.30772	6.79059	3.758428E-01	0.33984	0.383748	2.30772	6.79059	3.758428E-01	400	NA	3.758428E-01	3.758428E-01	3.758428E-01	3.758428E-01	3.758428E-01	3.758428E-01
chr22	16235000	v48_A_G	A	G	0	0	0	nan	nan	nan	nan	NA	nan	nan	nan	nan	NA	124	1.141519E-02	26	0.181818	0	0.0581257	0.255734	0.888777	15.2906	8.201981E-01	0.0581257	0.255734	0.888777	15.2906	8.201981E-01	143	7.735316E-01	2	0.0150376	0	nan	nan	nan	nan	NA	nan	nan	nan	nan	NA	133	4.165123E-02	28	0.07	0	-0.0184682	0.246895	-0.302969	16.4049	9.403725E-01	-0.0184682	0.246895	-0.302969	16.4049	9.403725E-01	400	NA	9.403725E-01	9.403725E-01	9.403725E-01	9.403725E-01	9.403725E-01	9.403725E-01
chr22	16240000	v49_C_G	C	G	4	0.03125	0	nan	nan	nan	nan	NA	nan	nan	nan	nan	NA	128	5.592946E-02	13	0.0915493	0	0.0848144	0.359608	0.655861	7.7329	8.135470E-01	0.0848144	0.359608	0.655861	7.7329	8.135470E-01	142	7.938539E-01	12	0.0923077	0	0.0147596	0.385569	0.0992817	6.72659	9.694645E-01	0.0147596	0.385569	0.0992817	6.72659	9.694645E-01	130	1.318752E-01	29	0.0725	0	0.0775702	0.243099	1.31259	16.9214	7.496586E-01	0.0775702	0.243099	1.31259	16.9214	7.496586E-01	400	NA	9.721642E-01	7.496586E-01	9.491141E-01	9.721642E-01	7.496586E-01	9.491141E-01
chr22	16245000	v50_A_C	A	C	2	0.015873	0	nan	nan	nan	nan	NA	nan	nan	nan	nan	NA	126	7.727633E-02	3	0.0208333	0	nan	nan	nan	nan	NA	nan	nan	nan	nan	NA	144	8.960800E-01	5	0.0384615	0	-0.11874	0.569605	-0.365973	3.08214	8.348695E-01	-0.11874	0.569605	-0.365973	3.08214	8.348695E-01	130	1.318752E-01	10	0.025	0	0.194425	0.406556	1.17628	6.05005	6.324913E-01	0.194425	0.406556	1.17628	6.05005	6.324913E-01	400	NA	6.324913E-01	6.324913E-01	6.324913E-01	6.324913E-01	6.324913E-01	6.324913E-01
chr22	16250000	v51_A_C	A	C	56	0.451613	0	-0.0191563	0.205693	-0.452765	23.6353	9.257998E-01	-0.0191563	0.205693	-0.452765	23.6353	9.257998E-01	124	8.691994E-02	11	0.0748299	0	-0.0328108	0.393412	-0.211993	6.46108	9.335330E-01	-0.0328108	0.393412	-0.211993	6.46108	9.335330E-01	147	9.417045E-01	0	0	0	nan	nan	nan	nan	NA	nan	nan	nan	nan	NA	129	9.268848E-02	67	0.1675	0	-0.0217202	0.180759	-0.664758	30.6055	9.043556E-01	-0.0217202	0.180759	-0.664758	30.6055	9.043556E-01	400	NA	9.923715E-01	9.043556E-01	9.858451E-01	9.923715E-01	9.043556E-01	9.858451E-01
chr22	16260000	v53_T_C	T	C	21	0.172131	0	0.659024	0.308637	6.91841	10.498	3.273860E-02	0.659024	0.308637	6.91841	10.498	3.273860E-02	122	5.316100E-02	1	0.00666667	0	nan	nan	nan	nan	NA	nan	nan	nan	nan	NA	150	8.363954E-01	72	0.5625	0	-0.177316	0.166339	-6.40855	36.1419	2.864267E-01	-0.177316	0.166339	-6.40855	36.1419	2.864267E-01	128	4.177945E-02	94	0.235	0	0.0178042	0.148839	0.803689	45.1404	9.047838E-01	0.0178042	0.148839	0.803689	45.1404	9.047838E-01	400	NA	6.295806E-02	9.047838E-01	2.714519E-01	6.295806E-02	9.047838E-01	2.714519E-01
chr22	16270000	v55_T_C	T	C	23	0.194915	0	0.0968672	0.28049	1.23124	12.7106	7.298312E-01	0.0968672	0.28049	1.23124	12.7106	7.298312E-01	118	3.134211E-02	1	0.00653595	0	nan	nan	nan	nan	NA	nan	nan	nan	nan	NA	153	8.684741E-01	5	0.0387597	0	0.518615	0.574189	1.57303	3.03313	3.664124E-01	0.518615	0.574189	1.57303	3.03313	3.664124E-01	129	3.363719E-02	29	0.0725	0	0.198372	0.24492	3.30696	16.6706	4.179730E-01	0.198372	0.24492	3.30696	16.6706	4.179730E-01	400	NA	6.331483E-01	4.179730E-01	5.287251E-01	6.331483E-01	4.179730E-01	5.287251E-01
chr22	16275000	v56_T_C	T	C	7	0.059322	0	0.411348	0.484681	1.75104	4.25684	3.960492E-01	0.411348	0.484681	1.75104	4.25684	3.960492E-01	118	3.134211E-02	2	0.0130719	0	nan	nan	nan	nan	NA	nan	nan	nan	nan	NA	153	8.684741E-01	10	0.0775194	0	-0.572355	0.409904	-3.40645	5.95164	1.626197E-01	-0.572355	0.409904	-3.40645	5.95164	1.626197E-01	129	3.363719E-02	19	0.0475	0	-0.139213	0.302943	-1.5169	10.8963	6.458512E-01	-0.139213	0.302943	-1.5169	10.8963	6.458512E-01	400	NA	2.742655E-01	6.458512E-01	4.425617E-01	2.742655E-01	6.458512E-01	4.425617E-01
chr22	16285000	v58_G_T	G	T	5	0.0423729	0	0.528658	0.575191	1.5979	3.02257	3.580431E-01	0.528658	0.575191	1.5979	3.02257	3.580431E-01	118	3.134211E-02	61	0.398693	0	0.0790339	0.187062	2.25861	28.5777	6.726599E-01	0.0790339	0.187062	2.25861	28.5777	6.726599E-01	153	8.684741E-01	48	0.372093	0	-0.243224	0.190351	-6.71271	27.5989	2.013314E-01	-0.243224	0.190351	-6.71271	27.5989	2.013314E-01	129	3.363719E-02	114	0.285	0	-0.0606623	0.145736	-2.8562	47.0835	6.772275E-01	-0.0606623	0.145736	-2.8562	47.0835	6.772275E-01	400	NA	4.929682E-01	6.772275E-01	5.928281E-01	4.929682E-01	6.772275E-01	5.928281E-01
chr22	16290000	v59_C_G	C	G	22	0.186441	0	0.235376	0.275542	3.10018	13.1712	3.929775E-01	0.235376	0.275542	3.10018	13.1712	3.929775E-01	118	3.134211E-02	80	0.522876	0	0.167667	0.153191	7.14464	42.6121	2.737383E-01	0.167667	0.153191	7.14464	42.6121	2.737383E-01	153	8.684741E-01	1	0.00775194	0	nan	nan	nan	nan	NA	nan	nan	nan	nan	NA	129	3.363719E-02	103	0.2575	0	0.199166	0.138426	10.394	52.1875	1.502100E-01	0.199166	0.138426	10.394	52.1875	1.502100E-01	400	NA	3.535467E-01	1.502100E-01	2.176037E-01	3.535467E-01	1.502100E-01	2.176037E-01
chr22	16295000	v60_G_C	G	C	3	0.0254237	0	nan	nan	nan	nan	NA	nan	nan	nan	nan	NA	118	3.134211E-02	2	0.0130719	0	nan	nan	nan	nan	NA	nan	nan	nan	nan	NA	153	8.684741E-01	17	0.131783	0	-0.286498	0.322299	-2.75807	9.62683	3.740452E-01	-0.286498	0.322299	-2.75807	9.62683	3.740452E-01	129	3.363719E-02	22	0.055	0	-0.348918	0.28321	-4.35016	12.4676	2.179452E-01	-0.348918	0.28321	-4.35016	12.4676	2.179452E-01	400	NA	2.179452E-01	2.179452E-01	2.179452E-01	2.179452E-01	2.179452E-01	2.179452E-01
